{
  "distance_markers": [
    {
      "startX": 194,
      "startY": 325.20000076293945,
      "endX": 388,
      "endY": 324.20000076293945,
      "text": "2 m"
    },
    {
      "startX": 420,
      "startY": 328.20000076293945,
      "endX": 622,
      "endY": 326.20000076293945,
      "text": "2 m"
    }
  ],
  "forces": [
    {
      "startX": 199,
      "startY": 254.20000076293945,
      "endX": 198,
      "endY": 139.20000076293945,
      "text": "2 N"
    },
    {
      "startX": 629,
      "startY": 252.20000076293945,
      "endX": 628,
      "endY": 174.20000076293945,
      "text": "x N"
    },
    {
      "startX": 409,
      "startY": 311.20000076293945,
      "endX": 409,
      "endY": 376.20000076293945,
      "text": "x N"
    }
  ],
  "moments": []
}